age,fnlwgt,marital_status,occupation,sex,capital_gain,capital_loss,hours_per_week,native_country,age_group,capital_net,has_capital_gain,has_capital_loss,income_binary,source,relationship_binary,race_Amer-Indian-Eskimo,race_Asian-Pac-Islander,race_Black,race_Other,race_White,education_level_encoded
0,122272,1,Adm-clerical,0,0,0,1,United-States,18-25,0,0,0,0,train,1,False,False,False,False,True,0
0,111697,1,Adm-clerical,0,0,1719,1,United-States,18-25,-1719,0,1,0,train,1,False,False,False,False,True,0
0,117789,1,Adm-clerical,0,0,0,1,United-States,18-25,0,0,0,0,train,1,False,False,False,False,True,0
0,71592,1,Adm-clerical,0,0,0,1,Philippines,26-35,0,0,0,0,train,0,False,True,False,False,False,0
0,284317,1,Adm-clerical,0,0,0,1,United-States,18-25,0,0,0,0,train,0,False,False,False,False,True,0
0,93106,1,Adm-clerical,0,0,0,1,United-States,26-35,0,0,0,0,train,0,False,False,False,False,True,0
0,117606,1,Adm-clerical,0,0,0,1,United-States,18-25,0,0,0,0,train,1,False,False,False,False,True,0
0,188544,1,Adm-clerical,0,0,0,1,United-States,18-25,0,0,0,0,train,1,False,False,False,False,True,0
0,175034,1,Adm-clerical,0,0,0,1,United-States,26-35,0,0,0,0,train,0,False,False,False,False,True,0
0,183077,1,Adm-clerical,0,0,0,1,United-States,26-35,0,0,0,0,train,1,False,False,False,False,True,0
0,213977,1,Adm-clerical,0,0,0,1,United-States,18-25,0,0,0,0,train,0,False,False,False,False,True,0
0,121471,1,Adm-clerical,0,0,0,1,United-States,18-25,0,0,0,0,train,0,False,False,False,False,True,0
0,355686,1,Adm-clerical,0,0,0,1,United-States,18-25,0,0,0,0,train,0,False,False,False,False,True,0
0,192149,1,Adm-clerical,0,0,0,1,United-States,18-25,0,0,0,0,train,1,False,False,False,False,True,0
0,175183,1,Adm-clerical,0,0,0,1,United-States,18-25,0,0,0,0,train,0,False,False,False,False,True,0
0,151726,1,Adm-clerical,0,0,0,1,United-States,26-35,0,0,0,0,train,1,True,False,False,False,False,0
0,127139,1,Adm-clerical,0,0,0,1,United-States,18-25,0,0,0,0,train,1,False,False,False,False,True,0
0,253814,1,Adm-clerical,0,0,0,1,United-States,26-35,0,0,0,0,train,0,False,False,False,False,True,0
0,183224,1,Adm-clerical,0,0,0,1,United-States,26-35,0,0,0,0,train,1,False,True,False,False,False,0
0,243871,1,Adm-clerical,0,0,0,1,United-States,26-35,0,0,0,0,train,1,False,False,False,False,True,0
0,147638,1,Adm-clerical,0,0,0,1,Hong,26-35,0,0,0,0,train,1,False,True,False,False,False,0
0,409815,1,Adm-clerical,0,0,0,1,United-States,26-35,0,0,0,0,train,0,False,False,True,False,False,0
0,272451,1,Adm-clerical,0,0,0,1,United-States,26-35,0,0,0,0,train,0,False,False,False,False,True,0
0,161478,1,Adm-clerical,0,0,0,1,Japan,26-35,0,0,0,0,train,0,False,True,False,False,False,0
0,298696,1,Adm-clerical,0,0,0,1,United-States,26-35,0,0,0,0,train,1,False,False,False,False,True,0
0,37933,1,Adm-clerical,0,0,0,1,United-States,26-35,0,0,0,0,train,0,False,False,True,False,False,0
0,117589,1,Adm-clerical,0,0,0,1,United-States,18-25,0,0,0,0,train,0,False,False,False,False,True,0
0,194723,1,Adm-clerical,0,0,0,1,Mexico,18-25,0,0,0,0,train,1,False,False,False,False,True,0
0,173652,1,Adm-clerical,0,0,0,1,United-States,26-35,0,0,0,0,train,1,False,False,False,False,True,0
0,181546,1,Adm-clerical,0,0,0,1,United-States,18-25,0,0,0,0,train,1,False,False,False,False,True,0
0,334693,1,Adm-clerical,0,0,0,1,United-States,18-25,0,0,0,0,train,1,False,False,False,False,True,0
0,222130,1,Adm-clerical,0,0,0,1,United-States,26-35,0,0,0,0,train,0,False,False,False,False,True,0
0,129856,1,Adm-clerical,0,0,0,1,United-States,26-35,0,0,0,0,train,1,False,False,False,False,True,0
0,152035,1,Adm-clerical,0,0,0,1,United-States,18-25,0,0,0,0,train,1,False,False,False,False,True,0
0,117109,1,Adm-clerical,0,0,0,1,United-States,18-25,0,0,0,0,train,1,False,False,True,False,False,0
0,197728,1,Adm-clerical,0,0,0,1,United-States,18-25,0,0,0,0,train,1,False,False,False,False,True,0
0,114158,1,Adm-clerical,0,0,0,1,United-States,26-35,0,0,0,0,train,1,False,False,False,False,True,0
0,109419,1,Adm-clerical,0,0,0,1,United-States,26-35,0,0,0,0,train,0,False,False,False,False,True,0
0,162593,1,Adm-clerical,0,0,0,1,United-States,18-25,0,0,0,0,train,0,False,True,False,False,False,0
0,200973,1,Adm-clerical,0,0,0,1,United-States,18-25,0,0,0,0,train,0,False,False,False,False,True,0
0,125298,1,Adm-clerical,0,0,0,1,United-States,26-35,0,0,0,0,train,0,False,False,False,False,True,0
0,400966,1,Adm-clerical,0,0,0,1,United-States,18-25,0,0,0,0,train,1,False,False,False,False,True,0
0,258849,1,Adm-clerical,0,0,0,1,United-States,26-35,0,0,0,0,train,0,False,False,True,False,False,0
0,19395,1,Adm-clerical,0,0,0,1,United-States,26-35,0,0,0,0,train,0,False,False,False,False,True,0
0,54152,1,Adm-clerical,0,0,0,1,United-States,18-25,0,0,0,0,train,1,False,False,False,False,True,0
0,133352,1,Adm-clerical,0,0,0,1,Vietnam,18-25,0,0,0,0,train,1,False,True,False,False,False,0
0,86745,1,Adm-clerical,0,0,0,1,United-States,18-25,0,0,0,0,train,1,False,True,False,False,False,0
0,225291,1,Adm-clerical,0,0,0,1,United-States,26-35,0,0,0,0,train,0,False,False,False,False,True,0
0,36235,1,Adm-clerical,0,0,0,1,United-States,18-25,0,0,0,0,train,0,False,False,False,False,True,0
0,232914,1,Adm-clerical,0,0,0,1,United-States,26-35,0,0,0,0,train,1,False,False,True,False,False,0
0,147171,1,Adm-clerical,0,0,0,1,Vietnam,18-25,0,0,0,0,train,0,False,True,False,False,False,0
0,107578,1,Adm-clerical,0,2174,0,1,United-States,18-25,2174,1,0,0,train,1,False,False,False,False,True,0
0,64293,1,Prof-specialty,0,0,0,1,United-States,26-35,0,0,0,0,train,0,False,False,False,False,True,0
0,204226,1,Prof-specialty,0,0,0,1,United-States,18-25,0,0,0,0,train,0,False,False,False,False,True,0
0,189620,1,Prof-specialty,0,0,0,1,Poland,26-35,0,0,0,0,train,1,False,False,False,False,True,0
0,96467,1,Prof-specialty,0,0,0,1,United-States,26-35,0,0,0,0,train,0,False,False,False,False,True,0
0,192932,1,Prof-specialty,0,0,0,1,United-States,26-35,0,0,0,0,train,0,False,False,False,False,True,0
0,216481,1,Prof-specialty,0,0,0,1,United-States,26-35,0,0,0,0,train,0,False,False,False,False,True,0
0,197058,1,Prof-specialty,0,0,0,1,United-States,26-35,0,0,0,0,train,0,False,False,False,False,True,0
0,62534,1,Prof-specialty,0,0,0,1,Jamaica,18-25,0,0,0,0,train,1,False,False,True,False,False,0
0,163665,1,Prof-specialty,0,0,0,1,United-States,18-25,0,0,0,0,train,1,False,False,False,False,True,0
0,190057,1,Prof-specialty,0,0,0,1,United-States,18-25,0,0,0,0,train,1,False,False,False,False,True,0
0,124242,1,Prof-specialty,0,0,0,1,United-States,18-25,0,0,0,0,train,1,False,False,False,False,True,0
0,214303,1,Prof-specialty,0,0,0,1,United-States,26-35,0,0,0,0,train,0,False,False,False,False,True,0
0,113545,1,Prof-specialty,0,0,0,1,United-States,26-35,0,0,0,0,train,0,False,False,False,False,True,0
0,154373,1,Prof-specialty,0,0,0,1,United-States,18-25,0,0,0,0,train,0,False,False,False,False,True,0
0,33487,1,Prof-specialty,0,0,0,1,United-States,18-25,0,0,0,0,train,1,True,False,False,False,False,0
0,62507,1,Prof-specialty,0,0,0,1,United-States,18-25,0,0,0,0,train,1,False,False,False,False,True,0
0,29174,1,Prof-specialty,0,0,0,1,United-States,26-35,0,0,0,0,train,0,False,False,False,False,True,0
0,217421,1,Prof-specialty,0,0,0,1,United-States,18-25,0,0,0,0,train,1,False,False,False,False,True,0
0,148751,1,Prof-specialty,0,0,0,1,United-States,18-25,0,0,0,0,train,0,False,False,False,False,True,0
0,79728,1,Prof-specialty,0,0,0,1,United-States,18-25,0,0,0,0,train,1,False,False,False,False,True,0
0,311376,1,Prof-specialty,0,0,0,1,United-States,18-25,0,0,0,0,train,0,False,False,False,False,True,0
0,192773,1,Prof-specialty,0,0,0,1,United-States,18-25,0,0,0,0,train,1,False,False,False,False,True,0
0,148509,1,Prof-specialty,0,0,0,1,United-States,18-25,0,0,0,0,train,0,False,False,False,False,True,0
0,322658,1,Prof-specialty,0,0,0,1,United-States,18-25,0,0,0,0,train,0,False,False,False,False,True,0
0,139992,1,Prof-specialty,0,0,0,1,United-States,26-35,0,0,0,0,train,0,False,False,False,False,True,0
0,110998,1,Prof-specialty,0,0,0,1,Philippines,18-25,0,0,0,0,train,1,False,True,False,False,False,0
0,227594,1,Prof-specialty,0,0,0,1,United-States,18-25,0,0,0,0,train,1,False,False,False,False,True,0
0,210443,1,Prof-specialty,0,0,0,1,United-States,18-25,0,0,0,0,train,1,False,False,False,False,True,0
0,283268,1,Prof-specialty,0,0,0,1,United-States,26-35,0,0,0,0,train,0,False,False,False,False,True,0
0,134181,1,Prof-specialty,0,0,0,1,United-States,18-25,0,0,0,0,train,1,False,False,False,False,True,0
0,100999,1,Prof-specialty,0,0,0,1,United-States,18-25,0,0,0,0,train,1,False,False,False,False,True,0
0,29810,1,Prof-specialty,0,0,0,1,United-States,18-25,0,0,0,0,train,1,False,False,False,False,True,0
0,423863,1,Prof-specialty,0,0,0,1,United-States,18-25,0,0,0,0,train,1,False,False,False,False,True,0
0,209970,1,Prof-specialty,0,0,0,1,United-States,18-25,0,0,0,0,train,0,False,False,False,False,True,0
0,375680,1,Prof-specialty,0,0,0,1,United-States,26-35,0,0,0,0,train,0,False,False,True,False,False,0
0,35507,1,Prof-specialty,0,0,0,1,United-States,18-25,0,0,0,0,train,1,False,False,False,False,True,0
0,202344,1,Prof-specialty,0,0,0,1,United-States,18-25,0,0,0,0,train,1,False,False,False,False,True,0
0,307149,1,Prof-specialty,0,0,0,1,United-States,18-25,0,0,0,0,train,1,False,False,False,False,True,0
0,124242,1,Prof-specialty,0,0,0,1,United-States,18-25,0,0,0,0,train,1,False,False,False,False,True,0
0,195532,1,Prof-specialty,0,8614,0,1,United-States,18-25,8614,1,0,1,train,0,False,False,False,False,True,0
0,211968,1,Prof-specialty,0,0,0,1,Iran,18-25,0,0,0,0,train,1,False,False,False,False,True,0
0,193416,1,Prof-specialty,0,0,0,1,United-States,18-25,0,0,0,0,train,1,False,False,False,False,True,0
0,34541,1,Prof-specialty,0,0,0,1,Canada,18-25,0,0,0,0,train,0,False,False,False,False,True,0
0,36601,1,Prof-specialty,0,0,0,1,United-States,26-35,0,0,0,0,train,0,False,False,False,False,True,0
0,364310,1,Prof-specialty,0,0,0,1,Germany,26-35,0,0,0,0,train,0,False,False,True,False,False,0
0,249087,1,Prof-specialty,0,0,0,1,United-States,18-25,0,0,0,0,train,1,False,False,False,False,True,0
0,64292,1,Prof-specialty,0,0,0,1,United-States,18-25,0,0,0,0,train,1,False,False,False,False,True,0
0,150361,1,Prof-specialty,0,0,0,1,United-States,26-35,0,0,0,0,train,0,False,False,False,False,True,0
0,176077,1,Prof-specialty,0,0,0,1,United-States,26-35,0,0,0,0,train,0,False,False,False,False,True,0
0,293136,1,Prof-specialty,0,0,0,1,United-States,18-25,0,0,0,0,train,1,False,False,False,False,True,0
0,271466,1,Prof-specialty,1,0,0,1,United-States,26-35,0,0,0,0,train,0,False,False,False,False,True,0
0,200681,1,Prof-specialty,1,0,0,1,United-States,18-25,0,0,0,0,train,1,False,False,False,False,True,0
0,101509,1,Prof-specialty,1,0,0,1,United-States,18-25,0,0,0,0,train,1,False,False,False,False,True,0
0,363425,1,Prof-specialty,1,0,0,1,United-States,26-35,0,0,0,0,train,0,False,False,False,False,True,0
0,139883,1,Prof-specialty,1,0,0,1,United-States,18-25,0,0,0,0,train,1,False,False,False,False,True,0
0,208122,1,Prof-specialty,1,1055,0,1,United-States,26-35,1055,1,0,0,train,1,False,False,False,False,True,0
0,111900,1,Prof-specialty,1,0,0,1,United-States,26-35,0,0,0,0,train,0,False,False,False,False,True,0
0,202480,1,Prof-specialty,1,0,0,1,United-States,18-25,0,0,0,0,train,1,False,False,False,False,True,0
0,271328,1,Prof-specialty,1,4650,0,1,United-States,26-35,4650,1,0,0,train,0,False,False,False,False,True,0
0,196061,1,Prof-specialty,1,0,0,1,United-States,18-25,0,0,0,0,train,1,False,False,False,False,True,0
0,219941,1,Prof-specialty,1,0,0,1,United-States,18-25,0,0,0,0,train,1,False,False,True,False,False,0
0,201624,1,Prof-specialty,1,0,0,1,United-States,26-35,0,0,0,0,train,0,False,False,True,False,False,0
0,51259,1,Prof-specialty,1,0,0,1,United-States,26-35,0,0,0,0,train,0,False,False,False,False,True,0
0,35633,1,Prof-specialty,1,0,0,1,United-States,18-25,0,0,0,0,train,0,False,False,False,False,True,0
0,247507,1,Prof-specialty,1,0,0,1,United-States,26-35,0,0,0,0,train,1,False,False,False,False,True,0
0,42004,1,Prof-specialty,1,0,0,1,United-States,18-25,0,0,0,0,train,1,False,False,False,False,True,0
0,163101,1,Prof-specialty,1,0,0,1,United-States,18-25,0,0,0,0,train,0,False,False,False,False,True,0
0,194095,1,Prof-specialty,1,0,0,1,United-States,18-25,0,0,0,0,train,1,False,False,False,False,True,0
0,172582,1,Prof-specialty,1,0,0,1,United-States,18-25,0,0,0,0,train,1,False,False,False,False,True,0
0,98283,1,Prof-specialty,1,0,0,1,United-States,18-25,0,0,0,0,train,1,False,True,False,False,False,0
0,206671,1,Prof-specialty,1,1055,0,1,United-States,18-25,1055,1,0,0,train,1,False,False,False,False,True,0
0,263338,1,Prof-specialty,1,0,0,1,United-States,18-25,0,0,0,0,train,1,False,False,False,False,True,0
0,22966,1,Prof-specialty,1,0,0,1,United-States,18-25,0,0,0,0,train,1,False,False,False,False,True,0
0,119838,1,Prof-specialty,1,0,0,1,United-States,18-25,0,0,0,0,train,1,False,False,False,False,True,0
0,125863,1,Prof-specialty,1,0,0,1,United-States,18-25,0,0,0,0,train,1,False,False,False,False,True,0
0,226013,1,Prof-specialty,1,0,0,1,United-States,26-35,0,0,0,0,train,0,False,False,True,False,False,0
0,376474,1,Prof-specialty,1,0,0,1,United-States,18-25,0,0,0,0,train,1,False,False,False,False,True,0
0,410351,1,Prof-specialty,1,0,0,1,United-States,26-35,0,0,0,0,train,0,False,False,False,False,True,0
0,27937,1,Prof-specialty,1,0,0,1,United-States,18-25,0,0,0,0,train,1,False,False,False,False,True,0
0,300812,1,Prof-specialty,1,0,0,1,United-States,18-25,0,0,0,0,train,1,False,False,False,False,True,0
0,287681,1,Prof-specialty,1,0,0,1,United-States,18-25,0,0,0,0,train,1,False,False,False,False,True,0
0,219835,1,Prof-specialty,1,0,0,1,United-States,18-25,0,0,0,0,train,0,False,False,False,False,True,0
0,143867,1,Prof-specialty,1,0,0,1,United-States,18-25,0,0,0,0,train,1,False,False,False,False,True,0
0,34443,1,Prof-specialty,1,0,0,1,United-States,18-25,0,0,0,0,train,1,False,False,False,False,True,0
0,68330,1,Prof-specialty,1,0,0,1,United-States,26-35,0,0,0,1,train,0,False,False,False,False,True,0
0,225279,1,Prof-specialty,1,0,1602,1,United-States,26-35,-1602,0,1,0,train,0,False,False,False,False,True,0
0,217200,1,Prof-specialty,1,0,0,1,United-States,26-35,0,0,0,0,train,0,False,False,False,False,True,0
0,210278,1,Prof-specialty,1,0,0,1,United-States,18-25,0,0,0,0,train,1,False,False,False,False,True,0
0,268525,1,Prof-specialty,1,0,0,1,United-States,18-25,0,0,0,0,train,0,False,False,False,False,True,0
0,145234,1,Prof-specialty,1,0,0,1,United-States,18-25,0,0,0,0,train,1,False,False,False,False,True,0
0,182117,1,Prof-specialty,1,0,0,1,United-States,18-25,0,0,0,0,train,1,False,False,False,False,True,0
0,44075,1,Prof-specialty,1,0,0,1,United-States,18-25,0,0,0,0,train,0,False,True,False,False,False,0
0,237865,1,Prof-specialty,1,0,0,1,United-States,18-25,0,0,0,0,train,1,False,False,True,False,False,0
0,123983,1,Prof-specialty,1,0,0,1,United-States,18-25,0,0,0,0,train,1,False,False,False,True,False,0
0,423770,1,Prof-specialty,1,0,0,1,Mexico,26-35,0,0,0,0,train,1,False,False,False,False,True,0
0,403433,1,Prof-specialty,1,0,0,1,United-States,26-35,0,0,0,1,train,0,False,False,True,False,False,0
0,159732,1,Prof-specialty,1,0,0,1,United-States,18-25,0,0,0,0,train,0,False,False,False,False,True,0
0,235442,1,Prof-specialty,1,0,0,1,United-States,18-25,0,0,0,0,train,1,False,False,False,False,True,0
0,214542,1,Prof-specialty,1,0,0,1,United-States,18-25,0,0,0,0,train,0,False,False,False,False,True,0
0,222800,1,Prof-specialty,1,0,0,1,United-States,18-25,0,0,0,0,train,0,False,False,False,False,True,0
0,278130,1,Prof-specialty,1,0,0,1,United-States,18-25,0,0,0,0,train,0,False,False,False,False,True,0
0,298133,1,Prof-specialty,1,0,0,1,United-States,18-25,0,0,0,0,train,1,False,False,False,False,True,0
0,306031,1,Prof-specialty,1,0,0,1,United-States,18-25,0,0,0,0,train,1,False,False,False,False,True,0
0,437851,1,Prof-specialty,1,0,0,1,United-States,18-25,0,0,0,0,train,1,False,False,False,False,True,0
0,131230,1,Prof-specialty,1,0,0,1,United-States,18-25,0,0,0,0,train,1,False,False,False,False,True,0
0,130856,1,Prof-specialty,1,0,0,1,United-States,26-35,0,0,0,0,train,0,False,False,False,False,True,0
0,37215,1,Prof-specialty,1,0,0,1,United-States,26-35,0,0,0,0,train,1,False,False,False,False,True,0
0,314525,1,Prof-specialty,1,0,1741,1,United-States,18-25,-1741,0,1,0,train,0,False,False,False,False,True,0
0,114357,1,Prof-specialty,1,0,0,1,United-States,18-25,0,0,0,0,train,0,False,False,False,False,True,0
0,227890,1,Prof-specialty,1,0,0,1,United-States,26-35,0,0,0,0,train,0,False,False,True,False,False,0
0,208874,1,Prof-specialty,1,0,0,1,United-States,18-25,0,0,0,0,train,1,False,False,False,False,True,0
0,244366,1,Prof-specialty,1,0,0,1,United-States,18-25,0,0,0,0,train,1,False,False,False,False,True,0
0,28366,1,Prof-specialty,1,0,0,1,United-States,26-35,0,0,0,0,train,0,False,False,False,False,True,0
0,201179,1,Prof-specialty,1,0,0,1,United-States,18-25,0,0,0,0,train,1,False,False,False,False,True,0
0,30039,1,Prof-specialty,1,0,0,1,United-States,18-25,0,0,0,0,train,1,False,False,False,False,True,0
0,63574,1,Prof-specialty,1,0,0,1,United-States,18-25,0,0,0,0,train,1,False,False,False,False,True,0
0,168403,1,Prof-specialty,1,0,1741,1,United-States,18-25,-1741,0,1,0,train,0,False,False,False,False,True,0
0,301853,1,Prof-specialty,1,0,0,1,United-States,18-25,0,0,0,0,train,1,False,False,False,False,True,0
0,153131,1,Prof-specialty,1,0,0,1,United-States,18-25,0,0,0,0,train,1,False,False,False,False,True,0
0,176683,1,Prof-specialty,1,0,0,1,France,26-35,0,0,0,0,train,1,False,False,False,False,True,0
0,125159,1,Prof-specialty,1,14084,0,1,United-States,26-35,14084,1,0,1,train,0,False,False,True,False,False,0
0,179059,1,Prof-specialty,1,0,0,1,United-States,18-25,0,0,0,0,train,1,False,False,False,False,True,0
0,168294,1,Craft-repair,1,0,0,1,United-States,18-25,0,0,0,0,train,1,False,False,False,False,True,2
0,103432,1,Craft-repair,1,0,0,1,United-States,26-35,0,0,0,0,train,0,False,False,False,False,True,2
0,102632,1,Craft-repair,1,0,0,1,United-States,18-25,0,0,0,0,train,0,False,False,False,False,True,2
0,296158,1,Craft-repair,1,0,0,1,United-States,18-25,0,0,0,0,train,1,False,False,False,False,True,2
0,312956,1,Craft-repair,1,0,0,1,United-States,18-25,0,0,0,0,train,1,False,False,True,False,False,2
0,255004,1,Craft-repair,1,0,0,1,United-States,18-25,0,0,0,0,train,0,False,False,False,False,True,2
0,278130,1,Craft-repair,1,0,0,1,United-States,18-25,0,0,0,0,train,1,False,False,False,False,True,2
0,94235,1,Craft-repair,1,0,0,1,United-States,26-35,0,0,0,0,train,1,False,False,False,False,True,2
0,405855,1,Craft-repair,1,0,0,1,Mexico,26-35,0,0,0,0,train,1,False,False,False,False,True,2
0,354351,1,Craft-repair,1,0,0,1,United-States,18-25,0,0,0,0,train,1,False,False,False,False,True,2
0,182521,1,Craft-repair,1,0,0,1,United-States,26-35,0,0,0,0,train,0,True,False,False,False,False,2
0,247564,1,Craft-repair,1,0,0,1,United-States,18-25,0,0,0,0,train,0,False,False,False,False,True,2
0,125457,1,Craft-repair,1,0,0,1,United-States,26-35,0,0,0,0,train,0,False,False,False,False,True,2
0,267034,1,Craft-repair,1,0,0,1,Haiti,26-35,0,0,0,0,train,1,False,False,True,False,False,2
0,332379,1,Craft-repair,1,0,0,1,United-States,26-35,0,0,0,0,train,0,False,False,False,False,True,2
0,176520,1,Craft-repair,1,0,0,1,United-States,18-25,0,0,0,0,train,1,False,False,False,False,True,2
0,164922,1,Craft-repair,1,0,0,1,United-States,18-25,0,0,0,0,train,1,False,False,False,False,True,2
0,193089,1,Craft-repair,1,0,0,1,United-States,18-25,0,0,0,0,train,1,False,False,False,False,True,2
0,228452,1,Craft-repair,1,0,0,1,United-States,18-25,0,0,0,0,train,0,False,False,False,False,True,2
0,336360,1,Craft-repair,1,0,0,1,United-States,18-25,0,0,0,0,train,1,False,False,True,False,False,2
0,122999,1,Craft-repair,1,0,0,1,United-States,18-25,0,0,0,0,train,1,False,False,False,False,True,2
0,265567,1,Craft-repair,1,0,0,1,United-States,18-25,0,0,0,0,train,1,False,False,False,False,True,2
0,199011,1,Craft-repair,1,0,0,1,United-States,18-25,0,0,0,0,train,1,False,False,False,False,True,2
0,238917,1,Craft-repair,1,0,0,1,United-States,18-25,0,0,0,0,train,1,False,False,False,False,True,2
0,176360,1,Craft-repair,1,0,0,1,United-States,26-35,0,0,0,0,train,1,False,False,True,False,False,2
0,186787,1,Craft-repair,1,0,0,1,United-States,26-35,0,0,0,0,train,1,False,False,False,False,True,2
0,163942,1,Craft-repair,1,0,0,1,Ireland,26-35,0,0,0,0,train,0,False,False,False,False,True,2
0,96130,1,Craft-repair,1,0,0,1,United-States,26-35,0,0,0,0,train,1,False,False,False,False,True,2
0,229803,1,Craft-repair,1,0,0,1,United-States,26-35,0,0,0,0,train,1,False,False,True,False,False,2
0,169069,1,Craft-repair,1,0,0,1,United-States,26-35,0,0,0,0,train,1,False,False,False,False,True,2
0,275726,1,Craft-repair,1,0,0,1,United-States,18-25,0,0,0,0,train,1,False,False,True,False,False,2
0,57211,1,Craft-repair,1,0,0,1,United-States,18-25,0,0,0,0,train,1,False,False,False,False,True,2
0,169269,1,Craft-repair,1,0,0,1,United-States,26-35,0,0,0,0,train,0,False,False,False,False,True,2
0,108658,1,Craft-repair,1,0,0,1,United-States,26-35,0,0,0,0,train,0,False,False,False,False,True,2
0,123178,1,Craft-repair,1,0,0,1,United-States,26-35,0,0,0,0,train,0,False,False,False,False,True,2
0,361487,1,Craft-repair,1,0,0,1,United-States,18-25,0,0,0,0,train,0,False,False,False,False,True,2
0,290286,1,Craft-repair,1,0,0,1,United-States,26-35,0,0,0,0,train,0,False,False,True,False,False,2
0,221095,1,Craft-repair,1,0,0,1,United-States,18-25,0,0,0,0,train,1,False,False,True,False,False,2
0,182342,1,Craft-repair,1,0,0,1,United-States,18-25,0,0,0,0,train,0,False,False,False,False,True,2
0,327202,1,Craft-repair,1,0,0,1,United-States,26-35,0,0,0,0,train,0,False,False,True,False,False,2
0,452640,1,Craft-repair,1,0,0,1,United-States,18-25,0,0,0,0,train,0,False,False,False,False,True,2
0,263498,1,Craft-repair,1,0,0,1,United-States,18-25,0,0,0,0,train,0,False,False,False,False,True,2
0,469705,1,Craft-repair,1,0,1980,1,United-States,26-35,-1980,0,1,0,train,0,False,False,True,False,False,2
0,141698,1,Craft-repair,1,0,0,1,United-States,18-25,0,0,0,0,train,1,False,False,False,False,True,2
0,51985,1,Craft-repair,1,0,0,1,United-States,18-25,0,0,0,0,train,0,False,False,False,False,True,2
0,186452,1,Craft-repair,1,0,0,1,United-States,18-25,0,0,0,0,train,0,False,False,False,False,True,2
0,250679,1,Craft-repair,1,0,0,1,United-States,26-35,0,0,0,0,train,0,False,False,False,False,True,2
0,138152,1,Craft-repair,1,0,0,1,Guatemala,26-35,0,0,0,0,train,1,False,False,False,True,False,2
0,126550,1,Craft-repair,1,0,0,1,United-States,18-25,0,0,0,0,train,1,False,False,False,False,True,2
0,340917,1,Craft-repair,1,14344,0,1,United-States,26-35,14344,1,0,1,train,0,False,False,False,False,True,2
0,194652,1,Craft-repair,1,0,0,1,United-States,26-35,0,0,0,0,train,1,False,False,True,False,False,2
1,121772,0,Craft-repair,1,0,0,1,United-States,36-45,0,0,0,1,train,1,False,True,False,False,False,0
1,101603,0,Craft-repair,1,0,0,1,United-States,36-45,0,0,0,0,train,1,False,False,False,False,True,0
1,523910,0,Craft-repair,1,0,0,1,United-States,36-45,0,0,0,0,train,1,False,False,True,False,False,0
1,170924,0,Craft-repair,1,7298,0,1,United-States,36-45,7298,1,0,1,train,1,False,False,False,False,True,0
1,97688,0,Craft-repair,1,5178,0,1,United-States,36-45,5178,1,0,1,train,1,False,False,False,False,True,0
1,50356,0,Craft-repair,1,0,1485,1,United-States,36-45,-1485,0,1,0,train,1,False,False,False,False,True,0
1,296478,0,Craft-repair,1,7298,0,1,United-States,36-45,7298,1,0,1,train,1,False,False,False,False,True,0
1,111746,0,Craft-repair,1,0,0,1,Portugal,26-35,0,0,0,0,train,1,False,False,False,False,True,0
1,22463,0,Craft-repair,1,0,1977,1,United-States,36-45,-1977,0,1,1,train,1,False,False,False,False,True,0
1,161141,0,Craft-repair,1,0,0,1,Portugal,36-45,0,0,0,1,train,1,False,False,False,False,True,0
1,234901,0,Craft-repair,1,2407,0,1,United-States,26-35,2407,1,0,0,train,1,False,False,False,False,True,0
1,146908,0,Craft-repair,1,0,0,1,United-States,36-45,0,0,0,0,train,1,False,False,False,False,True,0
1,135162,0,Craft-repair,1,0,0,1,United-States,26-35,0,0,0,0,train,1,False,False,False,False,True,0
1,138192,0,Craft-repair,1,0,0,1,United-States,36-45,0,0,0,0,train,1,False,False,False,False,True,0
1,118212,0,Craft-repair,1,3103,0,1,United-States,36-45,3103,1,0,1,train,1,False,False,False,False,True,0
1,51100,0,Craft-repair,1,0,0,1,United-States,36-45,0,0,0,0,train,1,False,False,False,False,True,0
1,193459,0,Craft-repair,1,3411,0,1,United-States,36-45,3411,1,0,0,train,1,False,False,False,False,True,0
1,221196,0,Craft-repair,1,0,0,1,United-States,26-35,0,0,0,0,train,1,False,False,True,False,False,0
1,199765,0,Craft-repair,1,7688,0,1,United-States,26-35,7688,1,0,1,train,1,False,False,False,False,True,0
1,191161,0,Craft-repair,1,0,0,1,United-States,36-45,0,0,0,0,train,1,False,False,False,False,True,0
1,67728,0,Craft-repair,1,0,2051,1,United-States,26-35,-2051,0,1,0,train,1,False,False,False,False,True,0
1,123253,0,Craft-repair,1,0,0,1,United-States,26-35,0,0,0,0,train,1,False,False,False,False,True,0
1,122381,0,Craft-repair,1,0,1887,1,United-States,36-45,-1887,0,1,1,train,1,False,False,False,False,True,0
1,149640,0,Craft-repair,1,0,0,1,United-States,36-45,0,0,0,0,train,1,False,False,False,False,True,0
1,160574,0,Craft-repair,1,0,0,1,United-States,36-45,0,0,0,0,train,1,False,False,False,False,True,0
1,216907,0,Craft-repair,1,0,1848,1,United-States,36-45,-1848,0,1,1,train,1,False,False,False,False,True,0
1,103395,0,Craft-repair,1,0,0,1,United-States,36-45,0,0,0,1,train,1,False,False,False,False,True,0
1,179271,0,Craft-repair,1,0,0,1,United-States,36-45,0,0,0,1,train,1,False,False,False,False,True,0
1,229732,0,Craft-repair,1,0,0,1,United-States,26-35,0,0,0,0,train,1,False,False,False,False,True,0
1,241350,0,Craft-repair,1,0,0,1,United-States,36-45,0,0,0,1,train,1,False,False,False,False,True,0
1,37869,0,Craft-repair,1,0,0,1,United-States,36-45,0,0,0,0,train,1,False,False,False,False,True,0
1,107787,0,Craft-repair,1,0,0,1,Canada,36-45,0,0,0,0,train,1,False,False,False,False,True,0
1,183892,0,Craft-repair,1,7298,0,1,United-States,36-45,7298,1,0,1,train,1,False,False,False,False,True,0
1,111746,0,Craft-repair,1,0,0,1,United-States,26-35,0,0,0,0,train,1,False,False,False,False,True,0
1,31069,0,Craft-repair,1,4386,0,1,United-States,36-45,4386,1,0,1,train,1,False,False,False,False,True,0
1,174597,0,Craft-repair,1,0,0,1,United-States,26-35,0,0,0,0,train,1,False,False,False,False,True,0
1,133169,0,Craft-repair,1,0,0,1,United-States,46-55,0,0,0,0,train,1,False,False,False,False,True,0
1,238162,0,Craft-repair,1,0,0,1,United-States,46-55,0,0,0,1,train,1,False,False,False,False,True,0
1,235786,0,Craft-repair,1,0,0,1,United-States,36-45,0,0,0,1,train,1,False,False,False,False,True,0
1,138626,0,Craft-repair,1,0,0,1,United-States,46-55,0,0,0,0,train,1,False,False,False,False,True,0
1,113434,0,Craft-repair,1,0,0,1,United-States,46-55,0,0,0,0,train,1,False,False,False,False,True,0
1,55294,0,Craft-repair,1,0,0,1,United-States,36-45,0,0,0,0,train,1,False,False,False,False,True,0
1,159537,0,Craft-repair,1,0,0,1,United-States,26-35,0,0,0,0,train,1,False,False,False,False,True,0
1,409189,0,Craft-repair,1,0,0,1,United-States,36-45,0,0,0,0,train,1,False,False,False,False,True,0
1,57452,0,Craft-repair,1,0,0,1,United-States,46-55,0,0,0,1,train,1,False,False,False,False,True,0
1,327573,0,Craft-repair,1,0,0,1,United-States,36-45,0,0,0,0,train,1,False,False,False,False,True,0
1,174330,0,Craft-repair,1,0,0,1,United-States,36-45,0,0,0,0,train,1,False,False,False,False,True,0
1,207940,0,Craft-repair,1,0,0,1,United-States,46-55,0,0,0,1,train,1,False,False,True,False,False,0
1,113555,0,Craft-repair,1,7298,0,1,United-States,36-45,7298,1,0,1,train,1,True,False,False,False,False,0
1,203070,0,Craft-repair,1,0,0,1,United-States,36-45,0,0,0,0,train,1,False,False,False,False,True,0
1,334291,0,Craft-repair,1,0,0,1,United-States,26-35,0,0,0,0,train,1,False,False,False,False,True,0
1,310632,0,Craft-repair,1,0,0,1,United-States,36-45,0,0,0,1,train,1,False,False,True,False,False,0
1,184105,0,Craft-repair,1,0,0,1,United-States,36-45,0,0,0,1,train,1,False,False,False,False,True,0
1,190115,0,Craft-repair,1,0,0,1,United-States,46-55,0,0,0,1,train,1,False,False,False,False,True,0
1,120131,0,Craft-repair,1,0,1887,1,United-States,36-45,-1887,0,1,1,train,1,False,False,False,False,True,0
1,34377,0,Craft-repair,1,0,0,1,United-States,46-55,0,0,0,1,train,1,False,False,False,False,True,0
1,198003,0,Craft-repair,1,7298,0,1,United-States,26-35,7298,1,0,1,train,1,False,False,False,False,True,0
1,155659,0,Craft-repair,1,15024,0,1,United-States,46-55,15024,1,0,1,train,1,False,False,False,False,True,0
1,39369,0,Craft-repair,1,0,0,1,United-States,26-35,0,0,0,0,train,1,False,False,False,False,True,0
1,289653,0,Craft-repair,1,0,0,1,United-States,36-45,0,0,0,0,train,1,False,False,False,False,True,0
1,77764,0,Craft-repair,1,0,0,1,United-States,36-45,0,0,0,0,train,1,False,False,False,False,True,0
1,188808,0,Craft-repair,1,0,0,1,United-States,36-45,0,0,0,1,train,1,False,False,False,False,True,0
1,159449,0,Exec-managerial,1,5178,0,1,United-States,36-45,5178,1,0,1,train,1,False,False,False,False,True,0
1,181344,0,Exec-managerial,1,0,0,1,United-States,36-45,0,0,0,1,train,1,False,False,True,False,False,0
1,180138,0,Exec-managerial,1,0,0,1,Iran,36-45,0,0,0,1,train,1,False,False,False,False,True,0
1,117963,0,Exec-managerial,1,0,0,1,United-States,26-35,0,0,0,1,train,1,False,False,False,False,True,0
1,111363,0,Exec-managerial,1,0,0,1,United-States,26-35,0,0,0,1,train,1,False,False,False,False,True,0
1,98101,0,Exec-managerial,1,7688,0,1,United-States,26-35,7688,1,0,1,train,1,False,False,False,False,True,0
1,364657,0,Exec-managerial,1,0,0,1,United-States,26-35,0,0,0,0,train,1,False,False,False,False,True,0
1,197583,0,Exec-managerial,1,0,0,1,United-States,36-45,0,0,0,1,train,1,False,False,True,False,False,0
1,112131,0,Exec-managerial,1,0,0,1,United-States,36-45,0,0,0,0,train,1,False,False,False,False,True,0
1,221172,0,Exec-managerial,1,0,0,1,United-States,36-45,0,0,0,1,train,1,False,False,False,False,True,0
1,205469,0,Exec-managerial,1,0,0,1,United-States,26-35,0,0,0,1,train,1,False,False,False,False,True,0
1,182556,0,Exec-managerial,1,0,0,1,United-States,26-35,0,0,0,1,train,1,False,False,False,False,True,0
1,217460,0,Exec-managerial,1,0,0,1,United-States,26-35,0,0,0,1,train,1,False,False,False,False,True,0
1,162140,0,Exec-managerial,1,7298,0,1,United-States,36-45,7298,1,0,1,train,1,False,False,False,False,True,0
1,130760,0,Exec-managerial,1,0,0,1,United-States,36-45,0,0,0,1,train,1,False,False,False,False,True,0
1,274363,0,Exec-managerial,1,0,1902,1,England,36-45,-1902,0,1,1,train,1,False,False,False,False,True,0
1,86551,0,Exec-managerial,1,0,0,1,United-States,36-45,0,0,0,1,train,1,False,False,False,False,True,0
1,48087,0,Exec-managerial,1,0,0,1,United-States,36-45,0,0,0,1,train,1,False,False,False,False,True,0
1,202027,0,Exec-managerial,1,15024,0,1,United-States,36-45,15024,1,0,1,train,1,False,False,False,False,True,0
1,123424,0,Exec-managerial,1,0,0,1,United-States,26-35,0,0,0,1,train,1,False,False,False,False,True,0
1,176286,0,Exec-managerial,1,0,0,1,United-States,36-45,0,0,0,1,train,1,False,False,False,False,True,0
1,329980,0,Exec-managerial,1,15024,0,1,United-States,36-45,15024,1,0,1,train,1,False,False,False,False,True,0
1,118619,0,Exec-managerial,1,0,0,1,United-States,36-45,0,0,0,0,train,1,False,False,True,False,False,0
1,50178,0,Exec-managerial,1,0,0,1,United-States,26-35,0,0,0,0,train,1,False,False,False,False,True,0
1,283037,0,Exec-managerial,1,0,0,1,United-States,36-45,0,0,0,0,train,1,False,False,False,False,True,0
1,34180,0,Exec-managerial,1,0,0,1,United-States,36-45,0,0,0,0,train,1,False,False,False,False,True,0
1,229466,0,Exec-managerial,1,0,0,1,United-States,36-45,0,0,0,1,train,1,False,False,False,False,True,0
1,122116,0,Exec-managerial,1,0,0,1,United-States,26-35,0,0,0,0,train,1,False,False,False,False,True,0
1,147206,0,Exec-managerial,1,0,0,1,United-States,36-45,0,0,0,0,train,1,False,False,False,False,True,0
1,110355,0,Exec-managerial,1,0,0,1,United-States,36-45,0,0,0,1,train,1,False,False,False,False,True,0
1,218995,0,Exec-managerial,1,0,0,1,United-States,36-45,0,0,0,1,train,1,False,False,False,False,True,0
1,238415,0,Exec-managerial,1,0,0,1,United-States,36-45,0,0,0,1,train,1,False,False,False,False,True,0
1,183898,0,Exec-managerial,1,7298,0,1,United-States,26-35,7298,1,0,1,train,1,False,False,False,False,True,0
1,483201,0,Exec-managerial,1,0,0,1,United-States,36-45,0,0,0,0,train,1,False,False,False,False,True,0
1,190511,0,Exec-managerial,1,0,0,1,United-States,26-35,0,0,0,1,train,1,False,False,False,False,True,0
1,35309,0,Exec-managerial,1,0,0,1,United-States,36-45,0,0,0,0,train,1,False,False,False,False,True,0
1,83893,0,Exec-managerial,1,0,0,1,United-States,36-45,0,0,0,1,train,1,False,False,False,False,True,0
1,157747,0,Exec-managerial,1,0,0,1,United-States,26-35,0,0,0,1,train,1,False,False,False,False,True,0
1,105444,0,Exec-managerial,1,0,0,1,United-States,46-55,0,0,0,1,train,1,False,False,False,False,True,0
1,242391,0,Exec-managerial,1,0,0,1,United-States,36-45,0,0,0,1,train,1,False,False,False,False,True,0
1,110562,0,Exec-managerial,1,0,0,1,United-States,36-45,0,0,0,0,train,1,False,False,False,False,True,0
1,77146,0,Exec-managerial,1,0,1887,1,United-States,36-45,-1887,0,1,1,train,1,False,False,False,False,True,0
1,82521,0,Exec-managerial,1,15024,0,1,United-States,36-45,15024,1,0,1,train,1,False,False,False,False,True,0
1,293791,0,Exec-managerial,1,0,0,1,United-States,36-45,0,0,0,1,train,1,False,False,False,False,True,0
1,168071,0,Exec-managerial,1,7298,0,1,United-States,36-45,7298,1,0,1,train,1,False,False,False,False,True,0
1,326104,0,Exec-managerial,1,0,0,1,United-States,26-35,0,0,0,1,train,1,False,False,False,False,True,0
1,102308,0,Exec-managerial,1,0,0,1,United-States,36-45,0,0,0,0,train,1,False,False,False,False,True,0
1,304906,0,Exec-managerial,1,0,0,1,United-States,36-45,0,0,0,1,train,1,False,False,False,False,True,0
1,236391,0,Exec-managerial,1,7688,0,1,United-States,36-45,7688,1,0,1,train,1,False,False,False,False,True,0
1,454508,0,Exec-managerial,1,0,0,1,United-States,26-35,0,0,0,0,train,1,False,False,False,False,True,0
1,401832,0,Exec-managerial,1,0,0,1,United-States,36-45,0,0,0,0,train,1,False,False,False,False,True,0
1,144064,0,Exec-managerial,1,0,0,1,United-States,26-35,0,0,0,0,train,1,False,False,False,False,True,0
1,183279,0,Exec-managerial,1,0,0,1,United-States,36-45,0,0,0,1,train,1,False,False,False,False,True,0
1,175485,0,Exec-managerial,1,0,0,1,United-States,36-45,0,0,0,0,train,1,False,False,False,False,True,0
1,245307,0,Exec-managerial,1,0,1977,1,United-States,36-45,-1977,0,1,1,train,1,False,False,False,False,True,0
1,198316,0,Exec-managerial,1,15024,0,1,United-States,36-45,15024,1,0,1,train,1,False,False,False,False,True,0
1,174373,0,Exec-managerial,1,0,0,1,United-States,36-45,0,0,0,1,train,1,False,False,False,False,True,0
1,242586,0,Exec-managerial,1,0,0,1,United-States,36-45,0,0,0,0,train,1,False,False,False,False,True,0
1,160472,0,Exec-managerial,1,0,1977,1,United-States,36-45,-1977,0,1,1,train,1,False,False,False,False,True,0
1,211759,0,Exec-managerial,1,0,0,1,Puerto-Rico,36-45,0,0,0,0,train,1,False,False,False,True,False,0
1,278924,0,Exec-managerial,1,0,1887,1,United-States,36-45,-1887,0,1,1,train,1,False,False,False,False,True,0
1,283037,0,Exec-managerial,1,0,0,1,United-States,46-55,0,0,0,1,train,1,False,False,False,False,True,0
1,284616,0,Exec-managerial,1,0,0,1,United-States,36-45,0,0,0,0,train,1,False,False,False,False,True,0
1,84306,0,Exec-managerial,1,5013,0,1,United-States,36-45,5013,1,0,0,train,1,False,False,False,False,True,0
1,40142,0,Exec-managerial,1,0,0,1,United-States,26-35,0,0,0,1,train,1,False,False,False,False,True,0
1,173730,0,Exec-managerial,1,0,0,1,United-States,26-35,0,0,0,1,train,1,False,False,False,False,True,0
1,192779,0,Exec-managerial,1,7688,0,1,United-States,46-55,7688,1,0,1,train,1,False,False,False,False,True,0
1,116391,0,Exec-managerial,1,0,0,1,United-States,36-45,0,0,0,1,train,1,False,False,False,False,True,0
1,114691,0,Exec-managerial,1,0,0,1,United-States,26-35,0,0,0,1,train,1,False,False,False,False,True,0
1,213008,0,Exec-managerial,1,0,0,1,United-States,36-45,0,0,0,1,train,1,False,False,False,False,True,0
1,187127,0,Exec-managerial,1,0,0,1,United-States,36-45,0,0,0,0,train,1,False,False,False,False,True,0
1,336513,0,Exec-managerial,1,0,1902,1,United-States,36-45,-1902,0,1,1,train,1,False,False,False,False,True,0
1,270985,0,Exec-managerial,1,0,0,1,United-States,36-45,0,0,0,0,train,1,False,False,True,False,False,0
1,158555,0,Exec-managerial,1,0,0,1,United-States,36-45,0,0,0,1,train,1,False,False,False,False,True,0
1,286750,0,Exec-managerial,1,0,0,1,United-States,36-45,0,0,0,1,train,1,False,False,True,False,False,0
1,171216,0,Exec-managerial,1,0,0,1,United-States,26-35,0,0,0,1,train,1,False,False,False,False,True,0
1,239093,0,Exec-managerial,1,3137,0,1,United-States,36-45,3137,1,0,0,train,1,True,False,False,False,False,0
1,29702,0,Exec-managerial,1,0,0,1,United-States,36-45,0,0,0,1,train,1,False,False,False,False,True,0
1,245378,0,Exec-managerial,1,0,0,1,United-States,26-35,0,0,0,0,train,1,False,False,False,False,True,0
1,152909,0,Exec-managerial,1,0,1887,1,United-States,26-35,-1887,0,1,1,train,1,False,False,False,False,True,0
1,347491,0,Exec-managerial,1,0,0,1,United-States,36-45,0,0,0,1,train,1,False,False,False,False,True,0
1,221947,0,Exec-managerial,1,0,1887,1,United-States,36-45,-1887,0,1,1,train,1,False,False,False,False,True,0
1,76196,0,Exec-managerial,1,0,0,1,United-States,36-45,0,0,0,0,train,1,False,False,False,False,True,0
1,449354,0,Exec-managerial,1,0,0,1,United-States,36-45,0,0,0,0,train,1,False,False,False,False,True,0
1,205100,0,Exec-managerial,1,0,0,1,United-States,46-55,0,0,0,1,train,1,False,False,False,False,True,0
1,102096,0,Exec-managerial,1,0,0,1,United-States,36-45,0,0,0,1,train,1,False,False,False,False,True,0
1,173175,0,Exec-managerial,1,15024,0,1,United-States,36-45,15024,1,0,1,train,1,False,False,False,False,True,0
1,120301,0,Exec-managerial,1,0,0,1,United-States,26-35,0,0,0,0,train,1,False,False,False,False,True,0
1,164190,0,Exec-managerial,1,0,0,1,United-States,26-35,0,0,0,0,train,1,False,False,False,False,True,0
1,363591,0,Exec-managerial,1,0,0,1,United-States,36-45,0,0,0,0,train,1,False,False,False,False,True,0
1,142719,0,Exec-managerial,1,0,0,1,United-States,36-45,0,0,0,1,train,1,False,False,False,False,True,0
1,91209,0,Exec-managerial,1,0,0,1,United-States,36-45,0,0,0,1,train,1,False,False,False,False,True,0
1,160785,0,Exec-managerial,1,0,0,1,United-States,36-45,0,0,0,1,train,1,False,False,False,False,True,0
1,204205,0,Exec-managerial,1,0,0,1,United-States,36-45,0,0,0,1,train,1,False,False,False,False,True,0
1,135342,0,Exec-managerial,1,0,0,1,United-States,36-45,0,0,0,1,train,1,False,False,False,False,True,0
1,347890,0,Prof-specialty,1,0,0,1,United-States,36-45,0,0,0,1,train,1,False,False,False,False,True,0
1,200352,0,Prof-specialty,1,0,0,1,United-States,36-45,0,0,0,0,train,1,False,False,False,False,True,0
1,116632,0,Prof-specialty,1,0,0,1,United-States,36-45,0,0,0,1,train,1,False,False,False,False,True,0
1,115745,0,Prof-specialty,1,0,0,1,United-States,26-35,0,0,0,0,train,1,False,False,False,False,True,0
1,132601,0,Prof-specialty,1,0,0,1,United-States,26-35,0,0,0,0,train,1,False,False,False,False,True,0
1,337587,0,Prof-specialty,1,0,0,1,United-States,26-35,0,0,0,1,train,1,False,False,False,False,True,0
1,108116,0,Prof-specialty,1,0,0,1,United-States,26-35,0,0,0,1,train,1,False,False,False,False,True,0
1,262425,0,Prof-specialty,1,0,0,1,United-States,36-45,0,0,0,0,train,1,False,False,False,False,True,0
1,260960,0,Prof-specialty,1,0,0,1,United-States,36-45,0,0,0,0,train,1,False,False,False,False,True,0
1,193047,0,Prof-specialty,1,0,0,1,United-States,46-55,0,0,0,0,train,1,False,False,False,False,True,0
1,169879,0,Prof-specialty,1,3103,0,1,United-States,26-35,3103,1,0,1,train,1,False,False,False,False,True,0
1,183800,0,Prof-specialty,1,7688,0,1,United-States,36-45,7688,1,0,1,train,1,False,False,False,False,True,0
1,118494,0,Prof-specialty,1,0,0,1,United-States,36-45,0,0,0,1,train,1,False,False,False,False,True,0
1,156667,0,Prof-specialty,1,0,1902,1,United-States,36-45,-1902,0,1,1,train,1,False,False,False,False,True,0
1,133060,0,Prof-specialty,1,0,0,1,United-States,36-45,0,0,0,1,train,1,False,False,False,False,True,0
1,416745,0,Prof-specialty,1,0,0,1,United-States,36-45,0,0,0,0,train,1,False,False,False,False,True,0
1,265266,0,Prof-specialty,1,0,1902,1,United-States,46-55,-1902,0,1,1,train,1,False,False,False,False,True,0
1,369468,0,Prof-specialty,1,0,0,1,United-States,36-45,0,0,0,1,train,1,False,False,False,False,True,0
1,189623,0,Prof-specialty,1,0,1887,1,United-States,36-45,-1887,0,1,1,train,1,False,False,False,False,True,0
1,144928,0,Prof-specialty,1,0,0,1,United-States,36-45,0,0,0,1,train,1,False,False,False,False,True,0
1,24342,0,Prof-specialty,1,0,0,1,United-States,36-45,0,0,0,1,train,1,False,False,False,False,True,0
1,228535,0,Prof-specialty,1,7298,0,1,United-States,36-45,7298,1,0,1,train,1,False,False,False,False,True,0
1,293535,0,Prof-specialty,1,0,0,1,United-States,36-45,0,0,0,1,train,1,False,False,True,False,False,0
1,217054,0,Prof-specialty,1,0,0,1,United-States,36-45,0,0,0,1,train,1,False,False,False,False,True,0
1,285066,0,Prof-specialty,1,0,0,1,United-States,36-45,0,0,0,1,train,1,False,False,False,False,True,0
1,120277,0,Prof-specialty,1,15024,0,1,Italy,36-45,15024,1,0,1,train,1,False,False,False,False,True,0
1,298332,0,Prof-specialty,1,0,0,1,United-States,26-35,0,0,0,1,train,1,False,False,False,False,True,0
1,244147,0,Prof-specialty,1,0,0,1,United-States,26-35,0,0,0,1,train,1,False,False,False,False,True,0
1,216214,0,Prof-specialty,1,0,0,1,United-States,46-55,0,0,0,1,train,1,False,False,False,False,True,0
1,203408,0,Prof-specialty,1,7688,0,1,United-States,26-35,7688,1,0,1,train,1,False,False,False,False,True,0
1,153205,0,Prof-specialty,1,0,0,1,United-States,36-45,0,0,0,0,train,1,False,True,False,False,False,0
1,213226,0,Prof-specialty,1,0,0,1,Iran,26-35,0,0,0,1,train,1,False,False,False,False,True,0
1,209609,0,Prof-specialty,1,0,0,1,United-States,36-45,0,0,0,0,train,1,False,False,False,False,True,0
1,548510,0,Prof-specialty,1,0,0,1,United-States,36-45,0,0,0,0,train,1,False,False,True,False,False,0
1,121264,0,Prof-specialty,1,0,0,1,United-States,36-45,0,0,0,1,train,1,False,False,False,False,True,0
1,131239,0,Prof-specialty,1,3103,0,1,United-States,36-45,3103,1,0,1,train,1,False,False,False,False,True,0
1,194636,0,Prof-specialty,1,0,0,1,United-States,36-45,0,0,0,1,train,1,False,False,False,False,True,0
1,180985,0,Prof-specialty,1,0,0,1,United-States,36-45,0,0,0,1,train,1,False,False,False,False,True,0
1,223212,0,Prof-specialty,1,0,1848,1,Peru,26-35,-1848,0,1,1,train,1,False,False,False,False,True,0
1,353396,0,Prof-specialty,1,0,0,1,United-States,36-45,0,0,0,0,train,1,False,False,False,False,True,0
1,193494,0,Prof-specialty,1,0,0,1,United-States,36-45,0,0,0,0,train,1,False,False,False,False,True,0
1,275438,0,Prof-specialty,1,5178,0,1,United-States,26-35,5178,1,0,1,train,1,False,False,False,False,True,0
1,63509,0,Prof-specialty,1,0,0,1,United-States,36-45,0,0,0,1,train,1,False,False,False,False,True,0
1,312667,0,Prof-specialty,1,15024,0,1,United-States,26-35,15024,1,0,1,train,1,False,False,False,False,True,0
1,162187,0,Prof-specialty,1,0,0,1,United-States,46-55,0,0,0,1,train,1,False,False,False,False,True,0
1,242082,0,Prof-specialty,1,0,0,1,United-States,36-45,0,0,0,1,train,1,False,False,False,False,True,0
1,91711,0,Prof-specialty,1,0,0,1,United-States,36-45,0,0,0,1,train,1,False,False,False,False,True,0
1,179668,0,Prof-specialty,1,0,0,1,United-States,36-45,0,0,0,1,train,1,False,False,False,False,True,0
1,127651,0,Prof-specialty,1,0,0,1,United-States,26-35,0,0,0,1,train,1,False,False,False,False,True,0
1,398931,0,Prof-specialty,1,0,1485,1,United-States,36-45,-1485,0,1,1,train,1,False,False,False,False,True,0
1,225605,0,Prof-specialty,1,0,0,1,United-States,36-45,0,0,0,0,train,1,False,False,False,False,True,0
1,202683,0,Sales,1,0,0,1,United-States,36-45,0,0,0,1,train,1,False,False,False,False,True,0
1,254202,0,Sales,1,0,0,1,United-States,36-45,0,0,0,0,train,1,False,False,False,False,True,0
1,182609,0,Sales,1,0,0,1,Poland,36-45,0,0,0,0,train,1,False,False,False,False,True,0
1,188563,0,Sales,1,5178,0,1,United-States,36-45,5178,1,0,1,train,1,False,False,False,False,True,0
1,226902,0,Sales,1,0,0,1,United-States,36-45,0,0,0,1,train,1,False,False,False,False,True,0
1,95336,0,Sales,1,0,0,1,United-States,36-45,0,0,0,1,train,1,False,False,False,False,True,0
1,87643,0,Sales,1,0,0,1,United-States,26-35,0,0,0,0,train,1,False,False,False,False,True,0
1,79619,0,Sales,1,0,0,1,United-States,36-45,0,0,0,1,train,1,False,False,False,False,True,0
1,129007,0,Sales,1,0,1977,1,United-States,46-55,-1977,0,1,1,train,1,False,False,False,False,True,0
1,256866,0,Sales,1,5013,0,1,United-States,36-45,5013,1,0,0,train,1,False,False,False,False,True,0
1,402812,0,Sales,1,0,0,1,United-States,26-35,0,0,0,0,train,1,False,False,False,False,True,0
1,43711,0,Sales,1,7688,0,1,United-States,36-45,7688,1,0,1,train,1,False,False,False,False,True,0
1,151504,0,Sales,1,0,0,1,United-States,36-45,0,0,0,0,train,1,False,False,False,False,True,0
1,156728,0,Sales,1,0,0,1,United-States,36-45,0,0,0,1,train,1,False,False,False,False,True,0
1,30381,0,Sales,1,0,0,1,United-States,26-35,0,0,0,1,train,1,False,False,False,False,True,0
1,193882,0,Sales,1,7688,0,1,United-States,36-45,7688,1,0,1,train,1,False,False,False,False,True,0
1,31033,0,Sales,1,7298,0,1,United-States,36-45,7298,1,0,1,train,1,False,False,False,False,True,0
1,33521,0,Sales,1,0,0,1,United-States,36-45,0,0,0,1,train,1,False,False,False,False,True,0
1,201763,0,Sales,1,0,0,1,United-States,26-35,0,0,0,1,train,1,False,False,False,False,True,0
1,157287,0,Sales,1,0,0,1,United-States,26-35,0,0,0,0,train,1,False,False,False,False,True,0
1,127215,0,Sales,1,0,0,1,United-States,26-35,0,0,0,1,train,1,False,False,False,False,True,0
1,178322,0,Sales,1,0,0,1,Germany,26-35,0,0,0,1,train,1,False,False,False,False,True,0
1,159549,0,Sales,1,0,0,1,United-States,36-45,0,0,0,1,train,1,False,False,False,False,True,0
1,209040,0,Sales,1,0,0,1,United-States,36-45,0,0,0,0,train,1,False,False,False,False,True,0
1,118853,0,Sales,1,0,0,1,United-States,36-45,0,0,0,0,train,1,False,False,False,False,True,0
1,246891,0,Sales,1,0,1902,1,United-States,36-45,-1902,0,1,1,train,1,False,False,False,False,True,0
1,312055,0,Sales,1,0,0,1,United-States,26-35,0,0,0,1,train,1,False,False,False,False,True,0
1,195897,0,Sales,1,0,0,1,United-States,36-45,0,0,0,0,train,1,False,False,False,False,True,0
1,128170,0,Sales,1,7688,0,1,United-States,36-45,7688,1,0,1,train,1,False,False,False,False,True,0
1,200574,0,Sales,1,0,0,1,United-States,36-45,0,0,0,0,train,1,False,False,False,False,True,0
1,296282,0,Sales,1,0,0,1,United-States,26-35,0,0,0,0,train,1,False,False,False,False,True,0
1,261382,0,Sales,1,0,0,1,United-States,26-35,0,0,0,0,train,1,False,False,False,False,True,0
1,224531,0,Sales,1,0,0,1,United-States,36-45,0,0,0,1,train,1,False,False,False,False,True,0
1,129597,0,Sales,1,3464,0,1,United-States,36-45,3464,1,0,0,train,1,False,False,False,False,True,0
1,278322,0,Sales,1,0,0,1,United-States,46-55,0,0,0,0,train,1,False,False,False,False,True,0
1,89508,0,Sales,1,0,0,1,United-States,36-45,0,0,0,0,train,1,False,False,False,False,True,0
1,465326,0,Sales,1,0,0,1,United-States,26-35,0,0,0,0,train,1,False,False,False,False,True,0
1,189680,0,Sales,1,0,0,1,United-States,46-55,0,0,0,1,train,1,False,False,False,False,True,0
1,218490,0,Sales,1,0,1848,1,United-States,36-45,-1848,0,1,1,train,1,False,False,False,False,True,0
1,236852,0,Sales,1,0,0,1,United-States,46-55,0,0,0,1,train,1,False,False,False,False,True,0
1,33300,0,Sales,1,0,1977,1,United-States,36-45,-1977,0,1,1,train,1,False,False,False,False,True,0
1,293305,0,Sales,1,0,1887,1,United-States,36-45,-1887,0,1,1,train,1,False,False,False,False,True,0
1,145697,0,Sales,1,0,0,1,United-States,36-45,0,0,0,0,train,1,False,False,False,False,True,0
1,183765,0,Sales,1,0,0,1,United-States,36-45,0,0,0,0,train,1,False,False,False,False,True,0
1,137142,0,Sales,1,0,0,1,United-States,36-45,0,0,0,0,train,1,False,False,False,False,True,0
1,180603,0,Sales,1,0,0,1,United-States,26-35,0,0,0,1,train,1,False,False,False,False,True,0
1,123557,0,Sales,1,0,0,1,United-States,36-45,0,0,0,0,train,1,False,False,False,False,True,0
1,120121,0,Sales,1,0,0,1,United-States,46-55,0,0,0,1,train,1,False,False,False,False,True,0
1,193026,0,Sales,1,0,0,1,United-States,26-35,0,0,0,1,train,1,False,False,False,False,True,0
1,201732,0,Sales,1,0,0,1,United-States,36-45,0,0,0,1,train,1,False,False,False,False,True,0
1,117849,0,Sales,1,15024,0,1,United-States,46-55,15024,1,0,1,train,1,False,False,False,False,True,0
1,155537,0,Craft-repair,1,0,0,1,United-States,36-45,0,0,0,0,train,1,False,False,False,False,True,2
1,317660,0,Craft-repair,1,7688,0,1,United-States,26-35,7688,1,0,1,train,1,False,False,False,False,True,2
1,120985,0,Craft-repair,1,4386,0,1,United-States,36-45,4386,1,0,0,train,1,False,False,False,False,True,2
1,208358,0,Craft-repair,1,0,0,1,United-States,36-45,0,0,0,1,train,1,False,False,False,False,True,2
1,190387,0,Craft-repair,1,0,0,1,United-States,36-45,0,0,0,0,train,1,False,False,False,False,True,2
1,106742,0,Craft-repair,1,0,0,1,United-States,26-35,0,0,0,0,train,1,False,False,False,False,True,2
1,219288,0,Craft-repair,1,0,0,1,United-States,36-45,0,0,0,0,train,1,False,False,False,False,True,2
1,247019,0,Craft-repair,1,0,0,1,United-States,36-45,0,0,0,1,train,1,False,False,True,False,False,2
1,190290,0,Craft-repair,1,0,0,1,United-States,26-35,0,0,0,1,train,1,False,False,False,False,True,2
1,231043,0,Craft-repair,1,5178,0,1,United-States,26-35,5178,1,0,1,train,1,False,False,False,False,True,2
1,143653,0,Craft-repair,1,0,0,1,United-States,26-35,0,0,0,0,train,1,False,False,False,False,True,2
1,239683,0,Craft-repair,1,0,0,1,United-States,36-45,0,0,0,0,train,1,False,False,False,False,True,2
1,202046,0,Craft-repair,1,0,0,1,United-States,26-35,0,0,0,1,train,1,False,False,False,False,True,2
1,200153,0,Craft-repair,1,0,0,1,United-States,36-45,0,0,0,0,train,1,False,False,False,False,True,2
1,185385,0,Craft-repair,1,0,0,1,United-States,36-45,0,0,0,1,train,1,False,False,False,False,True,2
1,132879,0,Craft-repair,1,0,1902,1,United-States,36-45,-1902,0,1,1,train,1,False,False,False,False,True,2
1,215310,0,Craft-repair,1,0,0,1,United-States,36-45,0,0,0,1,train,1,False,False,False,False,True,2
1,167725,0,Craft-repair,1,0,0,1,United-States,36-45,0,0,0,0,train,1,False,False,False,False,True,2
1,247379,0,Craft-repair,1,0,0,1,United-States,36-45,0,0,0,1,train,1,False,False,False,False,True,2
1,413297,0,Craft-repair,1,0,0,1,United-States,36-45,0,0,0,0,train,1,False,False,False,False,True,2
1,289403,0,Craft-repair,1,0,1887,1,United-States,36-45,-1887,0,1,1,train,1,False,False,True,False,False,2
1,379350,0,Craft-repair,1,0,0,1,United-States,36-45,0,0,0,0,train,1,False,False,False,False,True,2
1,136028,0,Craft-repair,1,0,0,1,United-States,36-45,0,0,0,0,train,1,False,False,False,False,True,2
1,421871,0,Craft-repair,1,0,0,1,United-States,36-45,0,0,0,1,train,1,False,False,True,False,False,2
1,36228,0,Craft-repair,1,0,1902,1,United-States,46-55,-1902,0,1,0,train,1,False,False,False,False,True,2
1,244665,0,Craft-repair,1,5178,0,1,United-States,26-35,5178,1,0,1,train,1,False,False,False,False,True,2
1,187046,0,Craft-repair,1,0,0,1,United-States,36-45,0,0,0,0,train,1,False,False,False,False,True,2
1,24106,0,Craft-repair,1,3103,0,1,United-States,36-45,3103,1,0,1,train,1,False,False,False,False,True,2
1,379412,0,Craft-repair,1,0,0,1,United-States,26-35,0,0,0,0,train,1,False,False,False,False,True,2
1,213821,0,Craft-repair,1,0,1887,1,United-States,36-45,-1887,0,1,1,train,1,False,False,False,False,True,2
1,277347,0,Craft-repair,1,0,0,1,United-States,36-45,0,0,0,0,train,1,False,False,False,False,True,2
1,167955,0,Craft-repair,1,0,0,1,Poland,36-45,0,0,0,0,train,1,False,False,False,False,True,2
1,225193,0,Craft-repair,1,0,0,1,United-States,36-45,0,0,0,0,train,1,False,False,False,False,True,2
1,350624,0,Craft-repair,1,0,0,1,United-States,26-35,0,0,0,0,train,1,False,False,False,False,True,2
1,105813,0,Craft-repair,1,0,0,1,United-States,36-45,0,0,0,0,train,1,False,False,False,False,True,2
1,111985,0,Craft-repair,1,0,0,1,United-States,26-35,0,0,0,0,train,1,False,False,False,False,True,2
1,288551,0,Craft-repair,1,0,0,1,United-States,36-45,0,0,0,0,train,1,False,False,True,False,False,2
1,509364,0,Craft-repair,1,0,0,1,United-States,26-35,0,0,0,0,train,1,False,False,False,False,True,2
1,94235,0,Craft-repair,1,0,0,1,United-States,26-35,0,0,0,1,train,1,False,False,False,False,True,2
1,158592,0,Craft-repair,1,0,0,1,United-States,36-45,0,0,0,0,train,1,False,False,False,False,True,2
1,140752,0,Craft-repair,1,0,0,1,United-States,26-35,0,0,0,0,train,1,False,False,False,False,True,2
1,103751,0,Craft-repair,1,0,0,1,United-States,36-45,0,0,0,0,train,1,False,False,False,False,True,2
1,272165,0,Craft-repair,1,0,0,1,United-States,36-45,0,0,0,0,train,1,False,False,False,False,True,2
1,188391,0,Craft-repair,1,7298,0,1,United-States,36-45,7298,1,0,1,train,1,False,False,False,False,True,2
1,181382,0,Craft-repair,1,0,0,1,United-States,26-35,0,0,0,0,train,1,False,False,False,False,True,2
1,94962,0,Craft-repair,1,0,0,1,England,36-45,0,0,0,0,train,1,False,False,False,False,True,2
1,367020,0,Craft-repair,1,0,0,1,United-States,36-45,0,0,0,0,train,1,False,False,False,False,True,2
1,231043,0,Craft-repair,1,0,0,1,United-States,26-35,0,0,0,1,train,1,False,False,False,False,True,2
1,180342,0,Craft-repair,1,0,0,1,United-States,26-35,0,0,0,0,train,1,False,False,False,False,True,2
1,231689,0,Craft-repair,1,0,0,1,United-States,36-45,0,0,0,1,train,1,False,False,False,False,True,2
1,192208,0,Craft-repair,1,0,0,1,United-States,46-55,0,0,0,0,train,1,False,False,False,False,True,2
1,220585,0,Craft-repair,1,0,0,1,United-States,36-45,0,0,0,0,train,1,False,False,False,False,True,2
1,364782,0,Craft-repair,1,0,0,1,United-States,36-45,0,0,0,1,train,1,False,False,False,False,True,2
1,80933,0,Craft-repair,1,0,1672,1,United-States,26-35,-1672,0,1,0,train,1,False,False,False,False,True,2
1,271828,0,Craft-repair,1,0,0,1,United-States,46-55,0,0,0,1,train,1,False,False,False,False,True,2
1,76487,0,Craft-repair,1,0,0,1,United-States,36-45,0,0,0,0,train,1,False,False,False,False,True,2
1,408328,0,Craft-repair,1,0,0,1,United-States,26-35,0,0,0,0,train,1,False,False,False,False,True,2
1,328216,0,Craft-repair,1,0,0,1,United-States,46-55,0,0,0,1,train,1,False,False,False,False,True,2
1,127651,0,Craft-repair,1,0,0,1,United-States,26-35,0,0,0,1,train,1,False,False,False,False,True,2
1,295949,0,Craft-repair,1,0,1628,1,United-States,36-45,-1628,0,1,0,train,1,False,False,False,False,True,2
1,222434,0,Craft-repair,1,0,0,1,United-States,36-45,0,0,0,0,train,1,False,False,False,False,True,2
1,177305,0,Craft-repair,1,0,0,1,United-States,36-45,0,0,0,0,train,1,False,False,False,False,True,2
1,195148,0,Craft-repair,1,3137,0,1,United-States,36-45,3137,1,0,0,train,1,False,False,False,False,True,2
1,143058,0,Craft-repair,1,0,0,1,United-States,36-45,0,0,0,0,train,1,False,False,False,False,True,2
1,46807,0,Craft-repair,1,99999,0,1,United-States,26-35,99999,1,0,1,train,1,False,False,False,False,True,2
1,111979,0,Craft-repair,1,0,0,1,United-States,46-55,0,0,0,0,train,1,False,False,False,False,True,2
1,155343,0,Craft-repair,1,0,1848,1,United-States,26-35,-1848,0,1,1,train,1,False,False,False,False,True,2
1,424988,0,Craft-repair,1,0,0,1,United-States,26-35,0,0,0,0,train,1,False,False,False,False,True,2
1,196266,0,Craft-repair,1,0,0,1,United-States,26-35,0,0,0,1,train,1,False,False,False,False,True,2
1,360799,0,Craft-repair,1,7298,0,1,United-States,26-35,7298,1,0,1,train,1,False,False,False,False,True,2
1,132601,0,Craft-repair,1,0,0,1,United-States,26-35,0,0,0,1,train,1,False,False,False,False,True,2
2,193366,0,Craft-repair,1,0,0,1,United-States,46-55,0,0,0,0,train,1,False,False,False,False,True,2
2,187715,0,Craft-repair,1,0,0,1,United-States,46-55,0,0,0,0,train,1,False,False,False,False,True,2
2,85815,0,Craft-repair,1,0,0,1,United-States,56-65,0,0,0,0,train,1,False,True,False,False,False,2
2,193884,0,Craft-repair,1,0,0,1,Ecuador,46-55,0,0,0,0,train,1,False,False,False,False,True,2
2,56915,0,Craft-repair,1,0,0,1,United-States,46-55,0,0,0,0,train,1,True,False,False,False,False,2
2,245062,0,Craft-repair,1,0,0,1,United-States,56-65,0,0,0,1,train,1,False,False,False,False,True,2
2,199713,0,Craft-repair,1,0,0,1,United-States,56-65,0,0,0,0,train,1,False,False,False,False,True,2
2,25826,0,Craft-repair,1,0,1887,1,United-States,46-55,-1887,0,1,1,train,1,False,False,False,False,True,2
2,199378,0,Craft-repair,1,0,0,1,United-States,56-65,0,0,0,0,train,1,False,False,False,False,True,2
2,177665,0,Craft-repair,1,0,0,1,United-States,56-65,0,0,0,0,train,1,False,False,False,False,True,2
2,87510,0,Craft-repair,1,0,0,1,United-States,56-65,0,0,0,0,train,1,False,False,False,False,True,2
2,387569,0,Craft-repair,1,4386,0,1,United-States,46-55,4386,1,0,1,train,1,False,False,False,False,True,2
2,124793,0,Craft-repair,1,0,0,1,United-States,46-55,0,0,0,0,train,1,False,False,False,False,True,2
2,31339,0,Craft-repair,1,0,0,1,United-States,46-55,0,0,0,0,train,1,False,False,False,False,True,2
2,75472,0,Craft-repair,1,4386,0,1,United-States,46-55,4386,1,0,0,train,1,False,False,False,False,True,2
2,349151,0,Craft-repair,1,0,0,1,United-States,46-55,0,0,0,0,train,1,False,False,False,False,True,2
2,421132,0,Craft-repair,1,0,0,1,United-States,46-55,0,0,0,0,train,1,False,False,False,False,True,2
2,146378,0,Craft-repair,1,0,0,1,United-States,46-55,0,0,0,1,train,1,False,False,False,False,True,2
2,232628,0,Craft-repair,1,0,0,1,United-States,46-55,0,0,0,0,train,1,False,False,True,False,False,2
2,126010,0,Craft-repair,1,0,0,1,United-States,46-55,0,0,0,0,train,1,False,False,False,False,True,2
2,198901,0,Craft-repair,1,0,0,1,United-States,46-55,0,0,0,0,train,1,False,False,False,False,True,2
2,107231,0,Craft-repair,1,0,2002,1,United-States,46-55,-2002,0,1,0,train,1,False,False,False,False,True,2
2,120914,0,Craft-repair,1,2961,0,1,United-States,46-55,2961,1,0,0,train,1,False,False,False,False,True,2
2,187487,0,Craft-repair,1,0,0,1,United-States,56-65,0,0,0,1,train,1,False,False,False,False,True,2
2,199067,0,Craft-repair,1,0,0,1,United-States,46-55,0,0,0,1,train,1,False,False,False,False,True,2
2,185407,0,Craft-repair,1,0,0,1,United-States,46-55,0,0,0,0,train,1,False,False,False,False,True,2
2,189933,0,Craft-repair,1,0,0,1,United-States,46-55,0,0,0,0,train,1,False,False,False,False,True,2
2,185465,0,Craft-repair,1,0,0,1,United-States,46-55,0,0,0,0,train,1,False,False,True,False,False,2
2,176924,0,Craft-repair,1,0,0,1,United-States,46-55,0,0,0,0,train,1,False,False,False,False,True,2
2,101017,0,Craft-repair,1,0,0,1,United-States,46-55,0,0,0,0,train,1,False,False,False,False,True,2
2,119565,0,Craft-repair,1,0,0,1,United-States,46-55,0,0,0,0,train,1,False,False,False,False,True,2
2,240521,0,Craft-repair,1,7298,0,1,United-States,56-65,7298,1,0,1,train,1,False,False,False,False,True,2
2,242341,0,Craft-repair,1,0,0,1,United-States,46-55,0,0,0,0,train,1,True,False,False,False,False,2
2,182854,0,Craft-repair,1,0,0,1,United-States,46-55,0,0,0,0,train,1,False,False,False,False,True,2
2,108993,0,Craft-repair,1,0,0,1,United-States,46-55,0,0,0,1,train,1,False,False,False,False,True,2
2,234057,0,Craft-repair,1,0,0,1,United-States,46-55,0,0,0,1,train,1,False,False,False,False,True,2
2,250873,0,Craft-repair,1,0,0,1,United-States,56-65,0,0,0,0,train,1,False,False,False,False,True,2
2,90624,0,Craft-repair,1,0,0,1,United-States,46-55,0,0,0,0,train,1,False,False,True,False,False,2
2,328610,0,Craft-repair,1,0,0,1,United-States,46-55,0,0,0,0,train,1,False,False,False,False,True,2
2,211762,0,Craft-repair,1,0,0,1,United-States,46-55,0,0,0,1,train,1,False,False,False,False,True,2
2,31840,0,Craft-repair,1,0,0,1,United-States,56-65,0,0,0,1,train,1,False,False,False,False,True,2
2,240859,0,Craft-repair,1,0,0,1,Cuba,46-55,0,0,0,0,train,1,False,False,False,False,True,2
2,186172,0,Craft-repair,1,7688,0,1,United-States,46-55,7688,1,0,1,train,1,False,False,False,False,True,2
2,78141,0,Craft-repair,1,0,0,1,United-States,56-65,0,0,0,1,train,1,False,False,False,False,True,2
2,154785,0,Craft-repair,1,0,0,1,United-States,46-55,0,0,0,1,train,1,False,False,False,False,True,2
2,174351,0,Craft-repair,1,0,0,1,Italy,56-65,0,0,0,0,train,1,False,False,False,False,True,2
2,229737,0,Craft-repair,1,0,0,1,United-States,46-55,0,0,0,1,train,1,False,False,False,False,True,2
2,357848,0,Craft-repair,1,0,0,1,United-States,46-55,0,0,0,1,train,1,False,False,False,False,True,2
2,180920,0,Craft-repair,1,0,0,1,United-States,56-65,0,0,0,0,train,1,False,False,False,False,True,2
2,53197,0,Craft-repair,1,0,0,1,United-States,46-55,0,0,0,0,train,1,False,False,False,False,True,2
2,185859,0,Craft-repair,1,0,0,1,United-States,46-55,0,0,0,0,train,1,False,False,False,False,True,2
2,229272,0,Craft-repair,1,0,0,1,United-States,46-55,0,0,0,1,train,1,False,False,True,False,False,2
2,186338,0,Craft-repair,1,0,0,1,United-States,46-55,0,0,0,1,train,1,False,False,False,False,True,2
2,202956,0,Craft-repair,1,0,0,1,United-States,46-55,0,0,0,0,train,1,False,False,False,False,True,2
2,147098,0,Craft-repair,1,0,0,1,United-States,46-55,0,0,0,1,train,1,False,False,False,False,True,2
2,157569,0,Craft-repair,1,0,0,1,United-States,46-55,0,0,0,0,train,1,False,False,False,False,True,2
2,137691,0,Craft-repair,1,0,0,1,United-States,46-55,0,0,0,1,train,1,False,False,False,False,True,2
2,200471,0,Craft-repair,1,0,0,1,United-States,46-55,0,0,0,0,train,1,False,False,False,False,True,2
2,213140,0,Craft-repair,1,0,0,1,Italy,46-55,0,0,0,0,train,1,False,False,False,False,True,2
2,120970,0,Craft-repair,1,0,0,1,United-States,46-55,0,0,0,1,train,1,False,False,True,False,False,2
2,55507,0,Craft-repair,1,0,0,1,United-States,46-55,0,0,0,0,train,1,False,False,True,False,False,2
2,79324,0,Craft-repair,1,0,0,1,United-States,46-55,0,0,0,1,train,1,False,False,False,False,True,2
2,227386,0,Craft-repair,1,0,0,1,United-States,56-65,0,0,0,0,train,1,False,False,False,False,True,2
2,29658,0,Craft-repair,1,0,0,1,United-States,46-55,0,0,0,1,train,1,False,False,False,False,True,2
2,376973,0,Craft-repair,1,0,0,1,United-States,56-65,0,0,0,1,train,1,False,False,False,False,True,2
2,86837,0,Craft-repair,1,0,1902,1,United-States,46-55,-1902,0,1,1,train,1,False,True,False,False,False,2
2,414994,0,Craft-repair,1,0,0,1,United-States,46-55,0,0,0,0,train,1,False,False,False,False,True,2
2,212120,0,Craft-repair,1,0,0,1,United-States,46-55,0,0,0,1,train,1,False,False,False,False,True,2
